# refreshed_at	name	stacked	active_subs
2026-05-04T12:11:57.301Z	k00b	102425	bitcoin,meta,tech,nostr
2026-05-04T12:11:57.301Z	Scoresby	61013	
2026-05-04T12:11:57.301Z	grayruby	38136	Stacker_Sports
2026-05-04T12:11:57.301Z	0xbitcoiner	37593	
2026-05-04T12:11:57.301Z	BlokchainB	33824	history,Stacker_Stocks,Construction_and_Engineering
2026-05-04T12:11:57.301Z	optimism	24707	AI
2026-05-04T12:11:57.301Z	SimpleStacker	20401	math
2026-05-04T12:11:57.301Z	art	12833	
2026-05-04T12:11:57.301Z	allenf	8367	
2026-05-04T12:11:57.301Z	m0wer	7128	
2026-05-04T12:11:57.301Z	Wumbo	6544	news
2026-05-04T12:11:57.301Z	realBitcoinDog	6350	HealthAndFitness
2026-05-04T12:11:57.301Z	Aardvark	6182	AskSN
2026-05-04T12:11:57.301Z	Signal312	5604	
2026-05-04T12:11:57.301Z	WeAreAllSatoshi	5346	
2026-05-04T12:11:57.301Z	OneOneSeven	5176	charts_and_maps,aliens_and_UFOs
2026-05-04T12:11:57.301Z	Cje95	5173	
2026-05-04T12:11:57.301Z	bitcoinplebdev	5100	devs
2026-05-04T12:11:57.301Z	OT	4638	
2026-05-04T12:11:57.301Z	BITC0IN	4173	
